-- ════════════════════════════════════════════════════════════════
--  Linsanity 補習班系統 — 假資料 Seed
--  在 schema.sql 之後執行。對應 public/mock/*.json 的內容。
--  注意：依外鍵相依順序插入；可重複執行（先清空再插入）。
-- ════════════════════════════════════════════════════════════════

truncate table
  order_items, orders, meal_transactions,
  attendance_logs, tuition_attendance, tuition_enrollments, tuition_rates,
  menu_items, restaurants, broadcast_logs, broadcast_templates,
  students, parents
restart identity cascade;

-- ─────────────────────── 家長 ───────────────────────
insert into parents (id, name, phone, line_user_id) values
  ('p1','王大明','0912-345-678','Uabc1234567890demo1'),
  ('p2','李志明','0923-456-789','Uabc1234567890demo2'),
  ('p3','陳建國','0934-567-890',''),
  ('p4','張文雄','0945-678-901','Uabc1234567890demo4'),
  ('p5','林秀蘭','0956-789-012',''),
  ('p6','吳勇志','0967-890-123','Uabc1234567890demo6'),
  ('p7','趙建華','0978-901-234',''),
  ('p8','劉志遠','0989-012-345',''),
  ('p9','蔡明宏','0990-123-456','');

-- ─────────────────────── 學生 ───────────────────────
insert into students (id, name, grade, parent_id, schedule_days, notes, archived, deleted) values
  ('s1','王小明',3,'p1','{1,3,5}','對花生過敏',false,false),
  ('s2','李小華',4,'p2','{2,4}','',false,false),
  ('s3','陳美玲',3,'p3','{1,2,3,4,5}','素食',false,false),
  ('s4','張志豪',5,'p4','{1,3}','',false,false),
  ('s5','林佳芬',2,'p5','{2,4,5}','',false,false),
  ('s6','吳俊賢',6,'p6','{1,2,3,4,5}','',false,false),
  ('s7','趙小玲',5,'p7','{1,3,5}','已畢業，保留記錄',true,false),
  ('s8','劉宗翰',6,'p8','{2,4}','',true,false),
  ('s9','蔡依婷',4,'p9','{1,2,3}','轉學',false,true),
  ('s10','王小芳',1,'p1','{1,3,5}','',false,false),
  ('s11','吳小雯',4,'p6','{1,2,3,4,5}','',false,false);

-- ─────────────────────── 餐廳 / 菜單 ───────────────────────
insert into restaurants (id, name, phone, address, active) values
  ('r1','阿忠便當','02-2345-6789','台北市信義區忠孝東路一段1號',true),
  ('r2','香香自助餐','02-3456-7890','台北市信義區松山路22號',true),
  ('r3','日式丼飯','02-4567-8901','台北市大安區復興南路3號',false),
  ('r4','八方雲集','02-2700-0008','台北市信義區松智路1號',true);

insert into menu_items (id, restaurant_id, name, price, category, available, default_qty) values
  ('m1','r1','排骨便當',70,'便當',true,1),
  ('m2','r1','雞腿便當',80,'便當',true,1),
  ('m3','r1','控肉便當',75,'便當',true,1),
  ('m4','r1','素食便當',65,'便當',true,1),
  ('m5','r1','魚排便當',75,'便當',false,1),
  ('m6','r2','三菜一湯',80,'自助',true,1),
  ('m7','r2','四菜一湯',90,'自助',true,1),
  ('m8','r2','五菜一湯',100,'自助',true,1),
  ('m9','r2','素食套餐',75,'自助',true,1),
  ('m10','r3','親子丼',120,'丼飯',true,1),
  ('m11','r3','豬排丼',130,'丼飯',true,1),
  ('m12','r3','鮭魚丼',140,'丼飯',true,1),
  ('m13','r4','豬肉水餃',7,'水餃',true,10),
  ('m14','r4','蝦仁水餃',6.5,'水餃',true,10);

-- ─────────────────────── 訂單（歷史） ───────────────────────
insert into orders (id, batch_id, date, datetime, restaurant_id, restaurant_name, student_id, student_name, grade, parent_id, total) values
  ('o_d1','batch_d1','2026-06-02','2026-06-02 11:30','r1','阿忠便當','s1','王小明',3,'p1',70),
  ('o_d2','batch_d1','2026-06-02','2026-06-02 11:30','r1','阿忠便當','s2','李小華',4,'p2',80),
  ('o_d3','batch_d1','2026-06-02','2026-06-02 11:30','r1','阿忠便當','s3','陳美玲',3,'p3',65),
  ('o_d12','batch_d1','2026-06-02','2026-06-02 11:30','r1','阿忠便當','s10','王小芳',1,'p1',65),
  ('o_d5','batch_d1','2026-06-02','2026-06-02 11:30','r1','阿忠便當','s6','吳俊賢',6,'p6',155),
  ('o_d4','batch_d2','2026-06-02','2026-06-02 11:35','r2','香香自助餐','s5','林佳芬',2,'p5',90),
  ('o_d13','batch_d2','2026-06-02','2026-06-02 11:35','r2','香香自助餐','s11','吳小雯',4,'p6',80),
  ('o_d6','batch_d3','2026-06-03','2026-06-03 11:20','r1','阿忠便當','s1','王小明',3,'p1',80),
  ('o_d9','batch_d3','2026-06-03','2026-06-03 11:20','r1','阿忠便當','s4','張志豪',5,'p4',75),
  ('o_d14','batch_d3','2026-06-03','2026-06-03 11:20','r1','阿忠便當','s10','王小芳',1,'p1',75),
  ('o_d11','batch_d3','2026-06-03','2026-06-03 11:20','r1','阿忠便當','s6','吳俊賢',6,'p6',80),
  ('o_d7','batch_d4','2026-06-03','2026-06-03 11:25','r2','香香自助餐','s2','李小華',4,'p2',90),
  ('o_d8','batch_d4','2026-06-03','2026-06-03 11:25','r2','香香自助餐','s3','陳美玲',3,'p3',75),
  ('o_d10','batch_d4','2026-06-03','2026-06-03 11:25','r2','香香自助餐','s5','林佳芬',2,'p5',90),
  ('o_d15','batch_d4','2026-06-03','2026-06-03 11:25','r2','香香自助餐','s11','吳小雯',4,'p6',90);

insert into order_items (id, order_id, menu_item_id, menu_item_name, price, qty) values
  ('i_d1','o_d1','m1','排骨便當',70,1),
  ('i_d2','o_d2','m2','雞腿便當',80,1),
  ('i_d3','o_d3','m4','素食便當',65,1),
  ('i_d12','o_d12','m4','素食便當',65,1),
  ('i_d5a','o_d5','m2','雞腿便當',80,1),
  ('i_d5b','o_d5','m3','控肉便當',75,1),
  ('i_d4','o_d4','m7','四菜一湯',90,1),
  ('i_d13','o_d13','m6','三菜一湯',80,1),
  ('i_d6','o_d6','m2','雞腿便當',80,1),
  ('i_d9','o_d9','m3','控肉便當',75,1),
  ('i_d14','o_d14','m3','控肉便當',75,1),
  ('i_d11','o_d11','m2','雞腿便當',80,1),
  ('i_d7','o_d7','m7','四菜一湯',90,1),
  ('i_d8','o_d8','m9','素食套餐',75,1),
  ('i_d10','o_d10','m7','四菜一湯',90,1),
  ('i_d15','o_d15','m7','四菜一湯',90,1);

-- ─────────────────────── 餐費分類帳 ───────────────────────
insert into meal_transactions (id, parent_id, student_id, type, amount, note, date, datetime) values
  ('t1','p1',null,'topup',800,'六月儲值','2026-06-01','2026-06-01 09:00'),
  ('t2','p1','s1','deduct',-70,'阿忠便當 - 排骨便當','2026-06-02','2026-06-02 11:30'),
  ('t3','p1','s1','deduct',-80,'阿忠便當 - 雞腿便當','2026-06-03','2026-06-03 11:20'),
  ('t18','p1','s10','deduct',-65,'阿忠便當 - 素食便當','2026-06-02','2026-06-02 11:30'),
  ('t19','p1','s10','deduct',-75,'阿忠便當 - 控肉便當','2026-06-03','2026-06-03 11:20'),
  ('t4','p2',null,'topup',600,'六月儲值','2026-06-01','2026-06-01 09:05'),
  ('t5','p2','s2','deduct',-80,'阿忠便當 - 雞腿便當','2026-06-02','2026-06-02 11:30'),
  ('t6','p2','s2','deduct',-90,'香香自助餐 - 四菜一湯','2026-06-03','2026-06-03 11:25'),
  ('t7','p3',null,'topup',1000,'六月儲值','2026-06-01','2026-06-01 09:10'),
  ('t8','p3','s3','deduct',-65,'阿忠便當 - 素食便當','2026-06-02','2026-06-02 11:30'),
  ('t9','p3','s3','deduct',-75,'香香自助餐 - 素食套餐','2026-06-03','2026-06-03 11:25'),
  ('t10','p4',null,'topup',300,'六月儲值','2026-06-01','2026-06-01 09:15'),
  ('t11','p4','s4','deduct',-75,'阿忠便當 - 控肉便當','2026-06-03','2026-06-03 11:20'),
  ('t12','p5',null,'topup',200,'六月儲值','2026-06-01','2026-06-01 09:20'),
  ('t13','p5','s5','deduct',-90,'香香自助餐 - 四菜一湯','2026-06-02','2026-06-02 11:35'),
  ('t14','p5','s5','deduct',-90,'香香自助餐 - 四菜一湯','2026-06-03','2026-06-03 11:25'),
  ('t15','p6',null,'topup',1200,'六月儲值','2026-06-01','2026-06-01 09:25'),
  ('t16','p6','s6','deduct',-155,'阿忠便當 - 雞腿便當、控肉便當','2026-06-02','2026-06-02 11:30'),
  ('t17','p6','s6','deduct',-80,'阿忠便當 - 雞腿便當','2026-06-03','2026-06-03 11:20'),
  ('t20','p6','s11','deduct',-80,'香香自助餐 - 三菜一湯','2026-06-02','2026-06-02 11:35'),
  ('t21','p6','s11','deduct',-90,'香香自助餐 - 四菜一湯','2026-06-03','2026-06-03 11:25');

-- ─────────────────────── 寒暑假學費：費率 ───────────────────────
insert into tuition_rates (month_key, absent_threshold, full_flat, full_flat_meal, full_daily, full_meal_daily, half_flat, half_flat_meal, half_daily, half_meal_daily) values
  ('2026-06',7,10000,10500,400,450,5000,5500,200,250),
  ('2026-07',7,10000,10500,400,450,5000,5500,200,250),
  ('2026-08',7,10000,10500,400,450,5000,5500,200,250);

-- ─────────────────────── 寒暑假學費：報名名單 ───────────────────────
insert into tuition_enrollments (month_key, student_id, class_type, with_meal) values
  ('2026-06','s1','none',false),
  ('2026-06','s2','half',true),
  ('2026-06','s3','full',true),
  ('2026-06','s4','half',false),
  ('2026-06','s5','full',false),
  ('2026-06','s6','half',true),
  ('2026-07','s1','none',false),
  ('2026-07','s2','half',true),
  ('2026-07','s3','full',true),
  ('2026-07','s4','half',false),
  ('2026-07','s5','full',false),
  ('2026-07','s6','half',true);

-- ─────────────────────── 預計上課安排（預收用） ───────────────────────
insert into tuition_attendance (month_key, student_id, total_days, absent_days) values
  ('2026-06','s1',22,3),
  ('2026-06','s2',22,9),
  ('2026-06','s3',22,0),
  ('2026-06','s4',22,12),
  ('2026-06','s5',22,2),
  ('2026-06','s6',22,7),
  ('2026-07','s1',22,3),
  ('2026-07','s2',22,9),
  ('2026-07','s3',22,0),
  ('2026-07','s4',22,12),
  ('2026-07','s5',22,2),
  ('2026-07','s6',22,7);

-- ─────────────────────── 實際簽到記錄（結算用） ───────────────────────
insert into attendance_logs (month_key, student_id, total_days, absent_days) values
  ('2026-06','s1',22,3),
  ('2026-06','s2',22,11),
  ('2026-06','s3',22,9),
  ('2026-06','s4',22,12),
  ('2026-06','s5',22,8),
  ('2026-06','s6',22,10);

-- ─────────────────────── 訊息模板 ───────────────────────
insert into broadcast_templates (id, name, content) values
  ('bt1','餘額不足提醒','您好，家長，孩子的餐費餘額偏低，請記得儲值，謝謝！'),
  ('bt2','上課提醒','您好，提醒您孩子今日有課，請準時接送，謝謝！'),
  ('bt3','假日停課通知','您好，補習班本週六停課一天，請家長注意，造成不便敬請見諒。'),
  ('bt4','親師座談邀請','您好，本月底將舉辦親師座談會，歡迎家長踴躍參加，詳情請來電洽詢。');

-- ─────────────────────── 訊息記錄 ───────────────────────
insert into broadcast_logs (id, type, sent_at, recipient_count, success_count, fail_count, records) values
  ('log1','expense','2026-06-03 12:30',3,3,0, '[
    {"parentId":"p1","parentName":"王大明","status":"success","message":"您好，王大明 家長：\n王小明 今日餐費 $80\n目前帳戶餘額 $320。"},
    {"parentId":"p2","parentName":"李志明","status":"success","message":"您好，李志明 家長：\n李小華 今日餐費 $120\n目前帳戶餘額 $50。\n⚠️ 餘額偏低，請盡快儲值！"},
    {"parentId":"p3","parentName":"陳建國","status":"success","message":"您好，陳建國 家長：\n陳美玲 今日餐費 $60\n目前帳戶餘額 $180。"}
  ]'::jsonb),
  ('log2','general','2026-06-01 09:00',6,6,0, '[
    {"parentId":"p1","parentName":"王大明","status":"success","message":"您好，本週六補習班舉辦親師座談會，歡迎家長踴躍參加！"},
    {"parentId":"p2","parentName":"李志明","status":"success","message":"您好，本週六補習班舉辦親師座談會，歡迎家長踴躍參加！"},
    {"parentId":"p3","parentName":"陳建國","status":"success","message":"您好，本週六補習班舉辦親師座談會，歡迎家長踴躍參加！"},
    {"parentId":"p4","parentName":"張文雄","status":"success","message":"您好，本週六補習班舉辦親師座談會，歡迎家長踴躍參加！"},
    {"parentId":"p5","parentName":"林秀蘭","status":"success","message":"您好，本週六補習班舉辦親師座談會，歡迎家長踴躍參加！"},
    {"parentId":"p6","parentName":"吳勇志","status":"success","message":"您好，本週六補習班舉辦親師座談會，歡迎家長踴躍參加！"}
  ]'::jsonb);
